/*****   CUSTOMER DATA   ***********************************************************/

INSERT INTO CUSTOMERS VALUES ('316195','Kamron','Harris','bessie10@fakeemail.com','31','16');
INSERT INTO CUSTOMERS VALUES ('576647','Efrain','Berge','cole.yasmin@fakeemail.com','31','42');
INSERT INTO CUSTOMERS VALUES ('410793','Maia','Lowe','lolta.mante@fakeemail.com','44','50');
INSERT INTO CUSTOMERS VALUES ('149116','Forest','Kohler','garrick86@fakeemail.com','42','9');
INSERT INTO CUSTOMERS VALUES ('255478','Santa','Tromp','orunolfsson@fakeemail.com','39','37');
INSERT INTO CUSTOMERS VALUES ('166724','Laisha','Bartoletti','dtorp@fakeemail.com','11','24');
INSERT INTO CUSTOMERS VALUES ('269062','Leonora','Medhurst','filiberto.hilll@fakeemail.com','43','69');
INSERT INTO CUSTOMERS VALUES ('968396','Jane','Bruen','gorczany.queenie@fakeemail.com','38','68');
INSERT INTO CUSTOMERS VALUES ('120912','Yvette','Botsford','schamberger.alaina@fakeemail.com','22','13');
INSERT INTO CUSTOMERS VALUES ('459210','Dock','Kuphal','adan28@fakeemail.com','28','85');
INSERT INTO CUSTOMERS VALUES ('330576','Coty','Herzog','valentina.weimann@fakeemail.com','16','24');
INSERT INTO CUSTOMERS VALUES ('682755','Kirstin','Berge','gabrielle.kunde@fakeemail.com','13','45');
INSERT INTO CUSTOMERS VALUES ('108986','Israel','Kuphal','hwhite@fakeemail.com','2','53');
INSERT INTO CUSTOMERS VALUES ('409296','Katrine','Mann','ghirthe@fakeemail.com','34','26');
INSERT INTO CUSTOMERS VALUES ('717782','Brianne','Dach','beier.sonia@fakeemail.com','5','36');
INSERT INTO CUSTOMERS VALUES ('497648','Spencer','Boehm','nwolff@fakeemail.com','23','78');
INSERT INTO CUSTOMERS VALUES ('451902','Monroe','Bode','jkeebler@fakeemail.com','23','49');
INSERT INTO CUSTOMERS VALUES ('124416','Lizzie','Ferry','darion17@fakeemail.com','0','35');
INSERT INTO CUSTOMERS VALUES ('559740','Maxine','Ward','leland67@fakeemail.com','18','23');
INSERT INTO CUSTOMERS VALUES ('429936','Juliet','Wehner','sarina52@fakeemail.com','44','37');
INSERT INTO CUSTOMERS VALUES ('693598','Nicklaus','Kuhlman','wfunk@fakeemail.com','9','84');
INSERT INTO CUSTOMERS VALUES ('600007','Oda','Ankunding','julio.zboncak@fakeemail.com','21','20');
INSERT INTO CUSTOMERS VALUES ('551313','Jerrod','Lockman','anibal03@fakeemail.com','33','64');
INSERT INTO CUSTOMERS VALUES ('312075','Houston','Herzog','zortiz@fakeemail.com','13','42');
INSERT INTO CUSTOMERS VALUES ('375900','Fern','Brekke','alubowitz@fakeemail.com','22','61');
INSERT INTO CUSTOMERS VALUES ('237912','Jaclyn','Brekke','fkertzmann@fakeemail.com','42','17');
INSERT INTO CUSTOMERS VALUES ('843595','Kaelyn','Beier','xstark@fakeemail.com','12','97');
INSERT INTO CUSTOMERS VALUES ('667820','Zella','Mohr','eleazar.okon@fakeemail.com','40','5');
INSERT INTO CUSTOMERS VALUES ('462109','Verla','Orn','aliyah.stamm@fakeemail.com','17','82');
INSERT INTO CUSTOMERS VALUES ('556805','Dexter','Heidenreich','evelyn63@fakeemail.com','21','27');
INSERT INTO CUSTOMERS VALUES ('650178','Gabriella','Hand','skling@fakeemail.com','30','98');
INSERT INTO CUSTOMERS VALUES ('643597','Omari','Torphy','carley52@fakeemail.com','18','98');
INSERT INTO CUSTOMERS VALUES ('750174','Jamel','Kunde','jfarrell@fakeemail.com','19','17');
INSERT INTO CUSTOMERS VALUES ('438509','Jacinto','Cormier','layne.collins@fakeemail.com','13','32');
INSERT INTO CUSTOMERS VALUES ('328541','Tavares','King','stracke.rachel@fakeemail.com','22','98');
INSERT INTO CUSTOMERS VALUES ('297591','Joany','Kohler','danny.hamill@fakeemail.com','6','30');
INSERT INTO CUSTOMERS VALUES ('516576','Molly','Stracke','bbarton@fakeemail.com','35','100');
INSERT INTO CUSTOMERS VALUES ('468699','Selena','Marks','rhianna.torp@fakeemail.com','17','73');
INSERT INTO CUSTOMERS VALUES ('122974','Gloria','Bernhard','hessel.janessa@fakeemail.com','41','54');
INSERT INTO CUSTOMERS VALUES ('752368','Lessie','Strosin','charles.pouros@fakeemail.com','3','44');
INSERT INTO CUSTOMERS VALUES ('580633','Reanna','Bahringer','lkihn@fakeemail.com','28','75');
INSERT INTO CUSTOMERS VALUES ('369316','Blaise','Larkin','considine.estevan@fakeemail.com','12','92');
INSERT INTO CUSTOMERS VALUES ('590143','Donnie','Littel','casper.reynold@fakeemail.com','33','75');
INSERT INTO CUSTOMERS VALUES ('711636','Friedrich','Terry','hayes.carey@fakeemail.com','35','10');
INSERT INTO CUSTOMERS VALUES ('548868','Rodrigo','Dibbert','cary.botsford@fakeemail.com','32','31');
INSERT INTO CUSTOMERS VALUES ('505921','Melisa','Huels','hortense96@fakeemail.com','33','68');

-- SELECT * FROM CUSTOMER;

/*****   LIBRARIAN DATA   ***********************************************************/

INSERT INTO LIBRARIANS VALUES ('43235','Javon','Kirlin','funk.kenyon@fakelibraryemail.com',
        TO_DATE('FEB-27-1975', 'MON-DD-YYYY'),'72433','Mathematics');
INSERT INTO LIBRARIANS VALUES ('49832','Lesley','Sporer','gutmann.sterling@fakelibraryemail.com',
        TO_DATE('JUL-30-2010', 'MON-DD-YYYY'),'63601','Business');
INSERT INTO LIBRARIANS VALUES ('74914','Keyon','Purdy','grant.geoffrey@fakelibraryemail.com',
        TO_DATE('MAY-10-1998', 'MON-DD-YYYY'),'63679','Biology');
INSERT INTO LIBRARIANS VALUES ('67870','Christa','Altenwerth','laila30@fakelibraryemail.com',
        TO_DATE('AUG-14-1999', 'MON-DD-YYYY'),'72339','English');
INSERT INTO LIBRARIANS VALUES ('31458','Kevin','Schaden','gorczany.barry@fakelibraryemail.com',
        TO_DATE('JUN-09-2009', 'MON-DD-YYYY'),'54391','Computer Science');
INSERT INTO LIBRARIANS VALUES ('24247','Kasandra','Cummerata','franecki.gussie@fakelibraryemail.com',
        TO_DATE('SEP-29-2000', 'MON-DD-YYYY'),'62016','Accounting');
INSERT INTO LIBRARIANS VALUES ('69834','Patrick','Huels','rschumm@fakelibraryemail.com',
        TO_DATE('DEC-05-2012', 'MON-DD-YYYY'),'76986','Research');
INSERT INTO LIBRARIANS VALUES ('53138','Tania','Prosacco','asha.gislason@fakelibraryemail.com',
        TO_DATE('JAN-17-2008', 'MON-DD-YYYY'),'59311','Chemistry');
INSERT INTO LIBRARIANS VALUES ('38794','Matthew','Oberbrunner','milton.heaney@fakelibraryemail.com',
        TO_DATE('MAR-09-2002', 'MON-DD-YYYY'),'74838','Psychology');
INSERT INTO LIBRARIANS VALUES ('13086','Clarabelle','Boehm','nwilkinson@fakelibraryemail.com', 
        TO_DATE('OCT-22-2019', 'MON-DD-YYYY'),'46245','Gardening'); 

-- SELECT * FROM LIBRARIANS;

/*****   BOOK DATA   ***********************************************************/

INSERT INTO BOOKS VALUES ('16581087','Wonders of Interest','Khalil Hamill','No','Adventure','No','54');
INSERT INTO BOOKS VALUES ('16538461','Fear','Mikayla Kiehn MD','No','Medicine','No','80');
INSERT INTO BOOKS VALUES ('16589586','Eating Healthy','Jeremie Marvin','Yes','Health','Yes','49');
INSERT INTO BOOKS VALUES ('16552414','Try and Might','Weldon Gleichner MD','No','Non-Fiction','No','20');
INSERT INTO BOOKS VALUES ('16534988','Great Awakening','Fredrick Hickle','No','Art','Yes','5');
INSERT INTO BOOKS VALUES ('16536744','Intense Work','Tristian Champlin II','No','Non-Fiction','Yes','55');
INSERT INTO BOOKS VALUES ('16608027','Never','Norwood Prosacco','No','Music','No','48');
INSERT INTO BOOKS VALUES ('16593653','Gonna','Charlene Mills PhD','No','Contemporary Art','Yes','46');
INSERT INTO BOOKS VALUES ('16554099','Give','Modesta Shanahan IV','Yes','Non-Fiction','Yes','79');
INSERT INTO BOOKS VALUES ('16523664','You','Rex Wunsch','No','Adventure','No','13');
INSERT INTO BOOKS VALUES ('16549763','Up','Connie Nicolas MD','Yes','Fantasy','Yes','24');
INSERT INTO BOOKS VALUES ('16550399','Into the Depths','Sandrine Kerluke','No','Deep Sea','No','45');
INSERT INTO BOOKS VALUES ('16536765','Why I Said No','Belle Jast Sr.','No','Weddings','No','78');
INSERT INTO BOOKS VALUES ('16564898','Give Up','Hal Johnston','Yes','Self Help','No','0');
INSERT INTO BOOKS VALUES ('16597937','Dolphins Dolphins Dolphins','Julian Ziemann','No','Sea Life','Yes','14');
INSERT INTO BOOKS VALUES ('16566745','Is This True?','Alyson Ortiz MD','Yes','Accounting','No','64');
INSERT INTO BOOKS VALUES ('16593566','It Is Not True','Kassandra Jakubowski','No','Unknown','No','10');
INSERT INTO BOOKS VALUES ('16583593','Serpent','Chelsie Windler','No','Science','No','55');
INSERT INTO BOOKS VALUES ('16601697','Databases and Cats','Evan Carroll Jr.','No','Self Help','No','16');
INSERT INTO BOOKS VALUES ('16537859','Underwater','Zander Walker DDS','Yes','Fantasy','No','68');
INSERT INTO BOOKS VALUES ('16576876','Noair','Franco Cummerata','Yes','Commercialism','Yes','4');
INSERT INTO BOOKS VALUES ('16585294','Where Is My Hairbrush?','Moises Windler','No','Television','Yes','1');
INSERT INTO BOOKS VALUES ('16610661','Fruits And Why They Are Out to Get You','Kacey Smitham Sr.','Yes','Non-Fiction','Yes','93');
INSERT INTO BOOKS VALUES ('16563874','Attack of the Fruit Fly','Werner Morissette','No','Fantasy','Yes','90');
INSERT INTO BOOKS VALUES ('16607452','Sun Has Risen','Marques Upton','No','Fiction','Yes','42');
INSERT INTO BOOKS VALUES ('16577539','Solar Eclipse','Assunta Hilll','Yes','Fiction','No','27');
INSERT INTO BOOKS VALUES ('16519269','How to Adjust Your Chair','Lorenz Crona','Yes','Self Help','Yes','83');
INSERT INTO BOOKS VALUES ('16538379','Back Pain','Jude Raynor','No','Non-Fiction','Yes','79');
    
-- SELECT * FROM BOOKS;

/*****   CHECKEDBOOKS DATA   ***********************************************************/

INSERT INTO CHECKEDBOOKS VALUES ('16589586','316195','Yes','0',TO_DATE('JUL-12-2020','MON-DD-YYYY'));
INSERT INTO CHECKEDBOOKS VALUES ('16554099','255478','No','1',TO_DATE('DEC-19-2020','MON-DD-YYYY'));
INSERT INTO CHECKEDBOOKS VALUES ('16549763','459210','Yes','3',TO_DATE('JUN-14-2020','MON-DD-YYYY'));
INSERT INTO CHECKEDBOOKS VALUES ('16564898','409296','No','2',TO_DATE('APR-26-2020','MON-DD-YYYY'));
INSERT INTO CHECKEDBOOKS VALUES ('16537859','551313','Yes','1',TO_DATE('OCT-17-2020','MON-DD-YYYY'));
INSERT INTO CHECKEDBOOKS VALUES ('16576876','429936','No','3',TO_DATE('FEB-25-2020','MON-DD-YYYY'));
INSERT INTO CHECKEDBOOKS VALUES ('16610661','438509','Yes','0',TO_DATE('NOV-30-2020','MON-DD-YYYY'));
INSERT INTO CHECKEDBOOKS VALUES ('16577539','667820','No','0',TO_DATE('SEP-01-2020','MON-DD-YYYY'));
INSERT INTO CHECKEDBOOKS VALUES ('16519269','122974','No','1',TO_DATE('JUN-09-2020','MON-DD-YYYY'));
INSERT INTO CHECKEDBOOKS VALUES ('16538379','330576','No','2',TO_DATE('MAY-22-2020','MON-DD-YYYY'));

-- SELECT * FROM CHECKEDBOOKS;

/*****   ROOMS DATA   ***********************************************************/

INSERT INTO ROOMS VALUES ('2796','10');
INSERT INTO ROOMS VALUES ('2834','24');
INSERT INTO ROOMS VALUES ('2139','13');
INSERT INTO ROOMS VALUES ('2059','11');
INSERT INTO ROOMS VALUES ('1532','3');
INSERT INTO ROOMS VALUES ('2487','54');
INSERT INTO ROOMS VALUES ('1797','36');
INSERT INTO ROOMS VALUES ('1577','30');
INSERT INTO ROOMS VALUES ('1607','100');
INSERT INTO ROOMS VALUES ('1352','8');
INSERT INTO ROOMS VALUES ('2785','14');
INSERT INTO ROOMS VALUES ('2758','82');
INSERT INTO ROOMS VALUES ('1749','16');
INSERT INTO ROOMS VALUES ('2203','22');
INSERT INTO ROOMS VALUES ('2295','6'); 


-- SELECT * FROM ROOMS;

/*****   RESERVEDROOMS DATA   ***********************************************************/

INSERT INTO RESERVEDROOMS VALUES ('2834','316195',TO_DATE('JUL-12-2020','MON-DD-YYYY'),
            TO_TIMESTAMP('07/13/2020 12:00','MM/DD/YYYY HH24:MI'),TO_TIMESTAMP('07/13/2020 14:30','MM/DD/YYYY HH24:MI'));
INSERT INTO RESERVEDROOMS VALUES ('2139','166724',TO_DATE('SEP-27-2019','MON-DD-YYYY'),
            TO_TIMESTAMP('SEP-27-2019 13:30','MON-DD-YYYY HH24:MI'),TO_TIMESTAMP('JUL-12-2019 14:30','MON-DD-YYYY HH24:MI'));
INSERT INTO RESERVEDROOMS VALUES ('2059','459210',TO_DATE('MAR-15-2020','MON-DD-YYYY'),
            TO_TIMESTAMP('MAR-15-2020 08:00','MON-DD-YYYY HH24:MI'),TO_TIMESTAMP('MAR-15-2020 10:45','MON-DD-YYYY HH24:MI'));
INSERT INTO RESERVEDROOMS VALUES ('2487','750174',TO_DATE('JAN-03-2020','MON-DD-YYYY'),
            TO_TIMESTAMP('APR-12-2020 19:15','MON-DD-YYYY HH24:MI'),TO_TIMESTAMP('APR-12-2020 19:45','MON-DD-YYYY HH24:MI'));
INSERT INTO RESERVEDROOMS VALUES ('1797','108986',TO_DATE('JUN-16-2019','MON-DD-YYYY'),
            TO_TIMESTAMP('JUN-20-2019 11:45','MON-DD-YYYY HH24:MI'),TO_TIMESTAMP('JUN-20-2019 12:45','MON-DD-YYYY HH24:MI'));
INSERT INTO RESERVEDROOMS VALUES ('1352','497648',TO_DATE('APR-14-2020','MON-DD-YYYY'),
            TO_TIMESTAMP('APR-22-2020 17:55','MON-DD-YYYY HH24:MI'),TO_TIMESTAMP('APR-22-2020 18:55','MON-DD-YYYY HH24:MI')); 


-- SELECT * FROM RESERVEDROOMS;

/*****   MEETING DATA   ***********************************************************/

INSERT INTO MEETINGS VALUES(146, 43235, 548868, 2834, 'Kids at Play');
INSERT INTO MEETINGS VALUES(123, 31458, 693598, 2139, 'Quiet Movies');
INSERT INTO MEETINGS VALUES(171, 53138, 968396, 2059, 'Indoor Soccer Practice');
INSERT INTO MEETINGS VALUES(192, 24247, 643597, 2487, 'Theatre Show');
INSERT INTO MEETINGS VALUES(195, 13086, 297591, 1797, 'Nap Time');
INSERT INTO MEETINGS VALUES(102, 69834, 122974, 1352, 'Book Club');
    
-- SELECT * FROM MEETINGS;